{"cameraMode":{"drawMode":0,"name":"Shaded","section":"Shading Mode"},"sceneLighting":true,"audioPlay":false,"sceneViewState":{"m_AlwaysRefresh":false,"showFog":true,"showSkybox":true,"showFlares":true,"showImageEffects":true,"showParticleSystems":true,"showVisualEffectGraphs":true,"m_FxEnabled":true},"in2DMode":false,"pivot":{"x":-1.3884656429290772,"y":3.7731149196624758,"z":-0.25999999046325686},"rotation":{"x":-0.13301676511764527,"y":0.2604568302631378,"z":-0.03625502809882164,"w":-0.9555917978286743},"size":5.880856037139893,"orthographic":false}