{"cameraMode":{"drawMode":0,"name":"Shaded","section":"Shading Mode"},"sceneLighting":true,"audioPlay":false,"sceneViewState":{"m_AlwaysRefresh":false,"showFog":true,"showSkybox":true,"showFlares":true,"showImageEffects":true,"showParticleSystems":true,"showVisualEffectGraphs":true,"m_FxEnabled":true},"in2DMode":false,"pivot":{"x":-1.6972272396087647,"y":3.8159897327423097,"z":-0.389087975025177},"rotation":{"x":0.005672861821949482,"y":0.07851507514715195,"z":0.00044689231435768306,"w":-0.9968969821929932},"size":2.1052558422088625,"orthographic":false}